Time,HR (bpm),windows
0:00:00,109,window1
0:00:01,106,window1
0:00:02,104,window1
0:00:03,102,window2
0:00:04,97,window2
0:00:05,94,window2
0:00:06,91,window3
0:00:07,90,window3
0:00:08,90,window3
0:00:09,91,window4
0:00:10,93,window4
0:00:11,97,window4
0:00:12,97,window5
0:00:13,103,window5
0:00:14,106,window5
0:00:15,108,window6
0:00:16,109,window6
0:00:17,110,window6
0:00:18,111,window7
0:00:19,112,window7
0:00:20,112,window7
0:00:21,115,window8
0:00:22,117,window8
0:00:23,117,window8
0:00:24,117,window9
0:00:25,118,window9
0:00:26,118,window9
0:00:27,118,window10
0:00:28,118,window10
0:00:29,118,window10
0:00:30,118,window11
0:00:31,119,window11
0:00:32,120,window11
0:00:33,120,window12
0:00:34,120,window12
0:00:35,120,window12
0:00:36,119,window13
0:00:37,118,window13
0:00:38,118,window13
0:00:39,119,window14
0:00:40,120,window14
0:00:41,120,window14
0:00:42,121,window15
0:00:43,122,window15
0:00:44,121,window15
0:00:45,119,window16
0:00:46,119,window16
0:00:47,120,window16
0:00:48,122,window17
0:00:49,122,window17
0:00:50,123,window17
0:00:51,125,window18
0:00:52,123,window18
0:00:53,121,window18
0:00:54,120,window19
0:00:55,119,window19
0:00:56,117,window19
0:00:57,115,window20
0:00:58,113,window20
0:00:59,112,window20
0:01:00,113,window21
0:01:01,114,window21
0:01:02,117,window21
0:01:03,118,window22
0:01:04,119,window22
0:01:05,118,window22
0:01:06,115,window23
0:01:07,113,window23
0:01:08,113,window23
0:01:09,111,window24
0:01:10,108,window24
0:01:11,106,window24
0:01:12,104,window25
0:01:13,103,window25
0:01:14,103,window25
0:01:15,103,window26
0:01:16,102,window26
0:01:17,102,window26
0:01:18,101,window27
0:01:19,101,window27
0:01:20,100,window27
0:01:21,100,window28
0:01:22,101,window28
0:01:23,101,window28
0:01:24,103,window29
0:01:25,104,window29
0:01:26,106,window29
0:01:27,104,window30
0:01:28,104,window30
0:01:29,104,window30
0:01:30,105,window31
0:01:31,104,window31
0:01:32,103,window31
0:01:33,103,window32
0:01:34,104,window32
0:01:35,104,window32
0:01:36,104,window33
0:01:37,104,window33
0:01:38,103,window33
0:01:39,104,window34
0:01:40,105,window34
0:01:41,107,window34
0:01:42,108,window35
0:01:43,109,window35
0:01:44,108,window35
0:01:45,106,window36
0:01:46,104,window36
0:01:47,104,window36
0:01:48,103,window37
0:01:49,103,window37
0:01:50,104,window37
0:01:51,105,window38
0:01:52,108,window38
0:01:53,110,window38
0:01:54,113,window39
0:01:55,116,window39
0:01:56,115,window39
0:01:57,111,window40
0:01:58,111,window40
0:01:59,108,window40
0:02:00,109,window41
0:02:01,109,window41
0:02:02,107,window41
0:02:03,108,window42
0:02:04,110,window42
0:02:05,110,window42
0:02:06,115,window43
0:02:07,118,window43
0:02:08,121,window43
0:02:09,123,window44
0:02:10,125,window44
0:02:11,127,window44
0:02:12,129,window45
0:02:13,132,window45
0:02:14,134,window45
0:02:15,137,window46
0:02:16,139,window46
0:02:17,140,window46
0:02:18,142,window47
0:02:19,143,window47
0:02:20,145,window47
0:02:21,146,window48
0:02:22,148,window48
0:02:23,149,window48
0:02:24,151,window49
0:02:25,153,window49
0:02:26,154,window49
0:02:27,155,window50
0:02:28,156,window50
0:02:29,158,window50
0:02:30,159,window51
0:02:31,160,window51
0:02:32,161,window51
0:02:33,161,window52
0:02:34,162,window52
0:02:35,163,window52
0:02:36,164,window53
0:02:37,164,window53
0:02:38,164,window53
0:02:39,165,window54
0:02:40,165,window54
0:02:41,165,window54
0:02:42,166,window55
0:02:43,166,window55
0:02:44,166,window55
0:02:45,167,window56
0:02:46,167,window56
0:02:47,168,window56
0:02:48,168,window57
0:02:49,168,window57
0:02:50,169,window57
0:02:51,169,window58
0:02:52,169,window58
0:02:53,169,window58
0:02:54,169,window59
0:02:55,169,window59
0:02:56,169,window59
0:02:57,170,window60
0:02:58,170,window60
0:02:59,170,window60
0:03:00,170,window61
0:03:01,171,window61
0:03:02,171,window61
0:03:03,171,window62
0:03:04,171,window62
0:03:05,171,window62
0:03:06,171,window63
0:03:07,171,window63
0:03:08,171,window63
0:03:09,171,window64
0:03:10,171,window64
0:03:11,171,window64
0:03:12,171,window65
0:03:13,171,window65
0:03:14,171,window65
0:03:15,171,window66
0:03:16,170,window66
0:03:17,169,window66
0:03:18,169,window67
0:03:19,168,window67
0:03:20,167,window67
0:03:21,167,window68
0:03:22,167,window68
0:03:23,167,window68
0:03:24,167,window69
0:03:25,167,window69
0:03:26,167,window69
0:03:27,167,window70
0:03:28,167,window70
0:03:29,166,window70
0:03:30,165,window71
0:03:31,164,window71
0:03:32,163,window71
0:03:33,162,window72
0:03:34,162,window72
0:03:35,162,window72
0:03:36,162,window73
0:03:37,162,window73
0:03:38,162,window73
0:03:39,161,window74
0:03:40,161,window74
0:03:41,160,window74
0:03:42,159,window75
0:03:43,159,window75
0:03:44,159,window75
0:03:45,159,window76
0:03:46,159,window76
0:03:47,159,window76
0:03:48,160,window77
0:03:49,160,window77
0:03:50,160,window77
0:03:51,160,window78
0:03:52,160,window78
0:03:53,159,window78
0:03:54,159,window79
0:03:55,159,window79
0:03:56,158,window79
0:03:57,158,window80
0:03:58,157,window80
0:03:59,157,window80
0:04:00,157,window81
0:04:01,157,window81
0:04:02,157,window81
0:04:03,157,window82
0:04:04,157,window82
0:04:05,157,window82
0:04:06,156,window83
0:04:07,156,window83
0:04:08,155,window83
0:04:09,155,window84
0:04:10,155,window84
0:04:11,156,window84
0:04:12,155,window85
0:04:13,155,window85
0:04:14,154,window85
0:04:15,153,window86
0:04:16,153,window86
0:04:17,153,window86
0:04:18,153,window87
0:04:19,154,window87
0:04:20,153,window87
0:04:21,153,window88
0:04:22,152,window88
0:04:23,151,window88
0:04:24,151,window89
0:04:25,150,window89
0:04:26,150,window89
0:04:27,150,window90
0:04:28,149,window90
0:04:29,150,window90
0:04:30,150,window91
0:04:31,151,window91
0:04:32,152,window91
0:04:33,153,window92
0:04:34,153,window92
0:04:35,155,window92
0:04:36,155,window93
0:04:37,156,window93
0:04:38,157,window93
0:04:39,158,window94
0:04:40,158,window94
0:04:41,158,window94
0:04:42,158,window95
0:04:43,160,window95
0:04:44,161,window95
0:04:45,161,window96
0:04:46,162,window96
0:04:47,163,window96
0:04:48,164,window97
0:04:49,164,window97
0:04:50,165,window97
0:04:51,166,window98
0:04:52,166,window98
0:04:53,167,window98
0:04:54,168,window99
0:04:55,169,window99
0:04:56,170,window99
0:04:57,170,window100
0:04:58,171,window100
0:04:59,172,window100
0:05:00,173,window101
0:05:01,173,window101
0:05:02,174,window101
0:05:03,175,window102
0:05:04,175,window102
0:05:05,176,window102
0:05:06,176,window103
0:05:07,176,window103
0:05:08,177,window103
0:05:09,177,window104
0:05:10,177,window104
0:05:11,178,window104
0:05:12,178,window105
0:05:13,179,window105
0:05:14,179,window105
0:05:15,179,window106
0:05:16,179,window106
0:05:17,178,window106
0:05:18,178,window107
0:05:19,179,window107
0:05:20,179,window107
0:05:21,179,window108
0:05:22,179,window108
0:05:23,179,window108
0:05:24,179,window109
0:05:25,179,window109
0:05:26,179,window109
0:05:27,179,window110
0:05:28,179,window110
0:05:29,179,window110
0:05:30,179,window111
0:05:31,179,window111
0:05:32,179,window111
0:05:33,179,window112
0:05:34,179,window112
0:05:35,179,window112
0:05:36,179,window113
0:05:37,178,window113
0:05:38,178,window113
0:05:39,178,window114
0:05:40,178,window114
0:05:41,178,window114
0:05:42,178,window115
0:05:43,178,window115
0:05:44,178,window115
0:05:45,177,window116
0:05:46,177,window116
0:05:47,176,window116
0:05:48,176,window117
0:05:49,176,window117
0:05:50,176,window117
0:05:51,175,window118
0:05:52,174,window118
0:05:53,173,window118
0:05:54,173,window119
0:05:55,173,window119
0:05:56,172,window119
0:05:57,171,window120
0:05:58,171,window120
0:05:59,171,window120
0:06:00,171,window121
0:06:01,171,window121
0:06:02,170,window121
0:06:03,169,window122
0:06:04,169,window122
0:06:05,168,window122
0:06:06,168,window123
0:06:07,167,window123
0:06:08,166,window123
0:06:09,165,window124
0:06:10,165,window124
0:06:11,164,window124
0:06:12,163,window125
0:06:13,163,window125
0:06:14,162,window125
0:06:15,162,window126
0:06:16,162,window126
0:06:17,162,window126
0:06:18,162,window127
0:06:19,162,window127
0:06:20,160,window127
0:06:21,159,window128
0:06:22,159,window128
0:06:23,159,window128
0:06:24,159,window129
0:06:25,159,window129
0:06:26,159,window129
0:06:27,158,window130
0:06:28,158,window130
0:06:29,157,window130
0:06:30,156,window131
0:06:31,156,window131
0:06:32,155,window131
0:06:33,154,window132
0:06:34,154,window132
0:06:35,154,window132
0:06:36,155,window133
0:06:37,155,window133
0:06:38,154,window133
0:06:39,154,window134
0:06:40,153,window134
0:06:41,152,window134
0:06:42,152,window135
0:06:43,152,window135
0:06:44,152,window135
0:06:45,152,window136
0:06:46,152,window136
0:06:47,152,window136
0:06:48,152,window137
0:06:49,151,window137
0:06:50,151,window137
0:06:51,150,window138
0:06:52,149,window138
0:06:53,150,window138
0:06:54,150,window139
0:06:55,150,window139
0:06:56,150,window139
0:06:57,151,window140
0:06:58,151,window140
0:06:59,151,window140
0:07:00,151,window141
0:07:01,152,window141
0:07:02,152,window141
0:07:03,152,window142
0:07:04,152,window142
0:07:05,153,window142
0:07:06,153,window143
0:07:07,153,window143
0:07:08,153,window143
0:07:09,153,window144
0:07:10,153,window144
0:07:11,153,window144
0:07:12,152,window145
0:07:13,151,window145
0:07:14,151,window145
0:07:15,151,window146
0:07:16,151,window146
0:07:17,151,window146
0:07:18,151,window147
0:07:19,152,window147
0:07:20,153,window147
0:07:21,153,window148
0:07:22,154,window148
0:07:23,155,window148
0:07:24,156,window149
0:07:25,157,window149
0:07:26,158,window149
0:07:27,159,window150
0:07:28,161,window150
0:07:29,161,window150
0:07:30,163,window151
0:07:31,163,window151
0:07:32,165,window151
0:07:33,166,window152
0:07:34,167,window152
0:07:35,167,window152
0:07:36,168,window153
0:07:37,169,window153
0:07:38,170,window153
0:07:39,170,window154
0:07:40,171,window154
0:07:41,172,window154
0:07:42,172,window155
0:07:43,172,window155
0:07:44,173,window155
0:07:45,173,window156
0:07:46,173,window156
0:07:47,173,window156
0:07:48,174,window157
0:07:49,174,window157
0:07:50,174,window157
0:07:51,174,window158
0:07:52,174,window158
0:07:53,175,window158
0:07:54,176,window159
0:07:55,175,window159
0:07:56,175,window159
0:07:57,175,window160
0:07:58,176,window160
0:07:59,176,window160
0:08:00,176,window161
0:08:01,176,window161
0:08:02,177,window161
0:08:03,177,window162
0:08:04,177,window162
0:08:05,177,window162
0:08:06,177,window163
0:08:07,177,window163
0:08:08,177,window163
0:08:09,177,window164
0:08:10,177,window164
0:08:11,177,window164
0:08:12,177,window165
0:08:13,177,window165
0:08:14,176,window165
0:08:15,176,window166
0:08:16,175,window166
0:08:17,175,window166
0:08:18,175,window167
0:08:19,175,window167
0:08:20,175,window167
0:08:21,174,window168
0:08:22,174,window168
0:08:23,173,window168
0:08:24,173,window169
0:08:25,173,window169
0:08:26,172,window169
0:08:27,171,window170
0:08:28,171,window170
0:08:29,170,window170
0:08:30,170,window171
0:08:31,169,window171
0:08:32,169,window171
0:08:33,168,window172
0:08:34,168,window172
0:08:35,168,window172
0:08:36,168,window173
0:08:37,168,window173
0:08:38,167,window173
0:08:39,166,window174
0:08:40,165,window174
0:08:41,164,window174
0:08:42,164,window175
0:08:43,163,window175
0:08:44,163,window175
0:08:45,163,window176
0:08:46,162,window176
0:08:47,162,window176
0:08:48,161,window177
0:08:49,159,window177
0:08:50,159,window177
0:08:51,159,window178
0:08:52,156,window178
0:08:53,155,window178
0:08:54,156,window179
0:08:55,156,window179
0:08:56,156,window179
0:08:57,156,window180
0:08:58,156,window180
0:08:59,155,window180
0:09:00,154,window181
0:09:01,152,window181
0:09:02,152,window181
0:09:03,151,window182
0:09:04,151,window182
0:09:05,151,window182
0:09:06,151,window183
0:09:07,151,window183
0:09:08,151,window183
0:09:09,151,window184
0:09:10,151,window184
0:09:11,151,window184
0:09:12,150,window185
0:09:13,149,window185
0:09:14,149,window185
0:09:15,149,window186
0:09:16,149,window186
0:09:17,149,window186
0:09:18,149,window187
0:09:19,149,window187
0:09:20,148,window187
0:09:21,148,window188
0:09:22,147,window188
0:09:23,147,window188
0:09:24,146,window189
0:09:25,146,window189
0:09:26,146,window189
0:09:27,145,window190
0:09:28,145,window190
0:09:29,146,window190
0:09:30,147,window191
0:09:31,148,window191
0:09:32,148,window191
0:09:33,149,window192
0:09:34,150,window192
0:09:35,150,window192
0:09:36,151,window193
0:09:37,151,window193
0:09:38,151,window193
0:09:39,152,window194
0:09:40,152,window194
0:09:41,153,window194
0:09:42,153,window195
0:09:43,153,window195
0:09:44,153,window195
0:09:45,154,window196
0:09:46,154,window196
0:09:47,155,window196
0:09:48,156,window197
0:09:49,157,window197
0:09:50,158,window197
0:09:51,159,window198
0:09:52,160,window198
0:09:53,161,window198
0:09:54,163,window199
0:09:55,163,window199
0:09:56,165,window199
0:09:57,166,window200
0:09:58,167,window200
0:09:59,168,window200
0:10:00,169,window201
0:10:01,170,window201
0:10:02,171,window201
0:10:03,172,window202
0:10:04,172,window202
0:10:05,173,window202
0:10:06,173,window203
0:10:07,174,window203
0:10:08,174,window203
0:10:09,174,window204
0:10:10,175,window204
0:10:11,175,window204
0:10:12,176,window205
0:10:13,176,window205
0:10:14,176,window205
0:10:15,176,window206
0:10:16,176,window206
0:10:17,176,window206
0:10:18,177,window207
0:10:19,177,window207
0:10:20,177,window207
0:10:21,177,window208
0:10:22,177,window208
0:10:23,177,window208
0:10:24,177,window209
0:10:25,177,window209
0:10:26,177,window209
0:10:27,177,window210
0:10:28,177,window210
0:10:29,177,window210
0:10:30,177,window211
0:10:31,177,window211
0:10:32,177,window211
0:10:33,177,window212
0:10:34,177,window212
0:10:35,177,window212
0:10:36,176,window213
0:10:37,176,window213
0:10:38,177,window213
0:10:39,176,window214
0:10:40,176,window214
0:10:41,176,window214
0:10:42,176,window215
0:10:43,176,window215
0:10:44,176,window215
0:10:45,176,window216
0:10:46,175,window216
0:10:47,174,window216
0:10:48,173,window217
0:10:49,172,window217
0:10:50,171,window217
0:10:51,171,window218
0:10:52,170,window218
0:10:53,170,window218
0:10:54,169,window219
0:10:55,168,window219
0:10:56,168,window219
0:10:57,168,window220
0:10:58,168,window220
0:10:59,168,window220
0:11:00,167,window221
0:11:01,167,window221
0:11:02,166,window221
0:11:03,165,window222
0:11:04,165,window222
0:11:05,164,window222
0:11:06,164,window223
0:11:07,164,window223
0:11:08,163,window223
0:11:09,162,window224
0:11:10,161,window224
0:11:11,161,window224
0:11:12,160,window225
0:11:13,160,window225
0:11:14,160,window225
0:11:15,160,window226
0:11:16,159,window226
0:11:17,159,window226
0:11:18,159,window227
0:11:19,157,window227
0:11:20,157,window227
0:11:21,157,window228
0:11:22,157,window228
0:11:23,157,window228
0:11:24,156,window229
0:11:25,155,window229
0:11:26,154,window229
0:11:27,153,window230
0:11:28,152,window230
0:11:29,150,window230
0:11:30,150,window231
0:11:31,149,window231
0:11:32,149,window231
0:11:33,149,window232
0:11:34,149,window232
0:11:35,148,window232
0:11:36,148,window233
0:11:37,147,window233
0:11:38,145,window233
0:11:39,145,window234
0:11:40,145,window234
0:11:41,145,window234
0:11:42,145,window235
0:11:43,145,window235
0:11:44,145,window235
0:11:45,144,window236
0:11:46,144,window236
0:11:47,143,window236
0:11:48,142,window237
0:11:49,142,window237
0:11:50,141,window237
0:11:51,141,window238
0:11:52,141,window238
0:11:53,140,window238
0:11:54,140,window239
0:11:55,141,window239
0:11:56,142,window239
0:11:57,141,window240
0:11:58,141,window240
0:11:59,142,window240
0:12:00,142,window241
0:12:01,143,window241
0:12:02,144,window241
0:12:03,144,window242
0:12:04,144,window242
0:12:05,144,window242
0:12:06,146,window243
0:12:07,147,window243
0:12:08,148,window243
0:12:09,148,window244
0:12:10,149,window244
0:12:11,149,window244
0:12:12,150,window245
0:12:13,150,window245
0:12:14,150,window245
0:12:15,151,window246
0:12:16,152,window246
0:12:17,152,window246
0:12:18,153,window247
0:12:19,153,window247
0:12:20,153,window247
0:12:21,153,window248
0:12:22,153,window248
0:12:23,154,window248
0:12:24,154,window249
0:12:25,155,window249
0:12:26,156,window249
0:12:27,157,window250
0:12:28,158,window250
0:12:29,160,window250
0:12:30,161,window251
0:12:31,162,window251
0:12:32,164,window251
0:12:33,164,window252
0:12:34,165,window252
0:12:35,166,window252
0:12:36,167,window253
0:12:37,167,window253
0:12:38,168,window253
0:12:39,169,window254
0:12:40,169,window254
0:12:41,170,window254
0:12:42,170,window255
0:12:43,171,window255
0:12:44,171,window255
0:12:45,171,window256
0:12:46,172,window256
0:12:47,172,window256
0:12:48,172,window257
0:12:49,172,window257
0:12:50,172,window257
0:12:51,173,window258
0:12:52,173,window258
0:12:53,173,window258
0:12:54,173,window259
0:12:55,173,window259
0:12:56,173,window259
0:12:57,174,window260
0:12:58,174,window260
0:12:59,174,window260
0:13:00,174,window261
0:13:01,174,window261
0:13:02,174,window261
0:13:03,174,window262
0:13:04,174,window262
0:13:05,174,window262
0:13:06,174,window263
0:13:07,174,window263
0:13:08,174,window263
0:13:09,174,window264
0:13:10,174,window264
0:13:11,174,window264
0:13:12,174,window265
0:13:13,174,window265
0:13:14,174,window265
0:13:15,174,window266
0:13:16,174,window266
0:13:17,174,window266
0:13:18,173,window267
0:13:19,173,window267
0:13:20,173,window267
0:13:21,172,window268
0:13:22,172,window268
0:13:23,171,window268
0:13:24,171,window269
0:13:25,170,window269
0:13:26,170,window269
0:13:27,169,window270
0:13:28,168,window270
0:13:29,167,window270
0:13:30,166,window271
0:13:31,166,window271
0:13:32,165,window271
0:13:33,165,window272
0:13:34,163,window272
0:13:35,163,window272
0:13:36,162,window273
0:13:37,161,window273
0:13:38,161,window273
0:13:39,160,window274
0:13:40,160,window274
0:13:41,160,window274
0:13:42,158,window275
0:13:43,158,window275
0:13:44,156,window275
0:13:45,156,window276
0:13:46,155,window276
0:13:47,155,window276
0:13:48,154,window277
0:13:49,153,window277
0:13:50,152,window277
0:13:51,152,window278
0:13:52,151,window278
0:13:53,151,window278
0:13:54,151,window279
0:13:55,151,window279
0:13:56,152,window279
0:13:57,152,window280
0:13:58,152,window280
0:13:59,151,window280
0:14:00,151,window281
0:14:01,150,window281
0:14:02,149,window281
0:14:03,148,window282
0:14:04,147,window282
0:14:05,146,window282
0:14:06,145,window283
0:14:07,144,window283
0:14:08,144,window283
0:14:09,143,window284
0:14:10,143,window284
0:14:11,143,window284
0:14:12,144,window285
0:14:13,143,window285
0:14:14,143,window285
0:14:15,142,window286
0:14:16,142,window286
0:14:17,141,window286
0:14:18,141,window287
0:14:19,141,window287
0:14:20,141,window287
0:14:21,141,window288
0:14:22,141,window288
0:14:23,140,window288
0:14:24,140,window289
0:14:25,139,window289
0:14:26,138,window289
0:14:27,139,window290
0:14:28,139,window290
0:14:29,139,window290
0:14:30,140,window291
0:14:31,141,window291
0:14:32,141,window291
0:14:33,140,window292
0:14:34,141,window292
0:14:35,141,window292
0:14:36,141,window293
0:14:37,142,window293
0:14:38,142,window293
0:14:39,142,window294
0:14:40,142,window294
0:14:41,143,window294
0:14:42,143,window295
0:14:43,144,window295
0:14:44,146,window295
0:14:45,146,window296
0:14:46,146,window296
0:14:47,148,window296
0:14:48,149,window297
0:14:49,150,window297
0:14:50,150,window297
0:14:51,151,window298
0:14:52,151,window298
0:14:53,152,window298
0:14:54,153,window299
0:14:55,154,window299
0:14:56,155,window299
0:14:57,156,window300
0:14:58,157,window300
0:14:59,159,window300
0:15:00,160,window301
0:15:01,162,window301
0:15:02,163,window301
0:15:03,164,window302
0:15:04,166,window302
0:15:05,167,window302
0:15:06,168,window303
0:15:07,168,window303
0:15:08,169,window303
0:15:09,170,window304
0:15:10,170,window304
0:15:11,171,window304
0:15:12,171,window305
0:15:13,171,window305
0:15:14,172,window305
0:15:15,172,window306
0:15:16,172,window306
0:15:17,173,window306
0:15:18,173,window307
0:15:19,173,window307
0:15:20,173,window307
0:15:21,174,window308
0:15:22,174,window308
0:15:23,175,window308
0:15:24,175,window309
0:15:25,175,window309
0:15:26,175,window309
0:15:27,175,window310
0:15:28,175,window310
0:15:29,175,window310
0:15:30,175,window311
0:15:31,175,window311
0:15:32,175,window311
0:15:33,175,window312
0:15:34,175,window312
0:15:35,175,window312
0:15:36,175,window313
0:15:37,174,window313
0:15:38,174,window313
0:15:39,174,window314
0:15:40,174,window314
0:15:41,174,window314
0:15:42,174,window315
0:15:43,174,window315
0:15:44,174,window315
0:15:45,174,window316
0:15:46,173,window316
0:15:47,173,window316
0:15:48,172,window317
0:15:49,172,window317
0:15:50,171,window317
0:15:51,171,window318
0:15:52,171,window318
0:15:53,170,window318
0:15:54,170,window319
0:15:55,169,window319
0:15:56,169,window319
0:15:57,168,window320
0:15:58,168,window320
0:15:59,167,window320
0:16:00,167,window321
0:16:01,166,window321
0:16:02,165,window321
0:16:03,164,window322
0:16:04,164,window322
0:16:05,161,window322
0:16:06,160,window323
0:16:07,160,window323
0:16:08,158,window323
0:16:09,158,window324
0:16:10,158,window324
0:16:11,158,window324
0:16:12,157,window325
0:16:13,156,window325
0:16:14,156,window325
0:16:15,155,window326
0:16:16,154,window326
0:16:17,153,window326
0:16:18,152,window327
0:16:19,152,window327
0:16:20,151,window327
0:16:21,151,window328
0:16:22,149,window328
0:16:23,148,window328
0:16:24,147,window329
0:16:25,147,window329
0:16:26,146,window329
0:16:27,146,window330
0:16:28,145,window330
0:16:29,144,window330
0:16:30,143,window331
0:16:31,143,window331
0:16:32,143,window331
0:16:33,143,window332
0:16:34,142,window332
0:16:35,142,window332
0:16:36,142,window333
0:16:37,141,window333
0:16:38,141,window333
0:16:39,143,window334
0:16:40,143,window334
0:16:41,144,window334
0:16:42,144,window335
0:16:43,144,window335
0:16:44,143,window335
0:16:45,143,window336
0:16:46,142,window336
0:16:47,141,window336
0:16:48,140,window337
0:16:49,140,window337
0:16:50,141,window337
0:16:51,141,window338
0:16:52,141,window338
0:16:53,141,window338
0:16:54,141,window339
0:16:55,141,window339
0:16:56,142,window339
0:16:57,142,window340
0:16:58,142,window340
0:16:59,142,window340
0:17:00,142,window341
0:17:01,142,window341
0:17:02,142,window341
0:17:03,143,window342
0:17:04,143,window342
0:17:05,143,window342
0:17:06,143,window343
0:17:07,143,window343
0:17:08,143,window343
0:17:09,144,window344
0:17:10,144,window344
0:17:11,145,window344
0:17:12,146,window345
0:17:13,147,window345
0:17:14,147,window345
0:17:15,148,window346
0:17:16,149,window346
0:17:17,149,window346
0:17:18,150,window347
0:17:19,151,window347
0:17:20,152,window347
0:17:21,153,window348
0:17:22,154,window348
0:17:23,156,window348
0:17:24,157,window349
0:17:25,158,window349
0:17:26,160,window349
0:17:27,161,window350
0:17:28,163,window350
0:17:29,164,window350
0:17:30,166,window351
0:17:31,167,window351
0:17:32,168,window351
0:17:33,169,window352
0:17:34,170,window352
0:17:35,171,window352
0:17:36,172,window353
0:17:37,172,window353
0:17:38,173,window353
0:17:39,173,window354
0:17:40,173,window354
0:17:41,174,window354
0:17:42,174,window355
0:17:43,174,window355
0:17:44,175,window355
0:17:45,175,window356
0:17:46,175,window356
0:17:47,176,window356
0:17:48,176,window357
0:17:49,176,window357
0:17:50,175,window357
0:17:51,175,window358
0:17:52,175,window358
0:17:53,175,window358
0:17:54,175,window359
0:17:55,175,window359
0:17:56,175,window359
0:17:57,175,window360
0:17:58,175,window360
0:17:59,176,window360
0:18:00,176,window361
0:18:01,176,window361
0:18:02,176,window361
0:18:03,177,window362
0:18:04,177,window362
0:18:05,177,window362
0:18:06,177,window363
0:18:07,177,window363
0:18:08,177,window363
0:18:09,177,window364
0:18:10,177,window364
0:18:11,176,window364
0:18:12,176,window365
0:18:13,176,window365
0:18:14,176,window365
0:18:15,175,window366
0:18:16,175,window366
0:18:17,174,window366
0:18:18,174,window367
0:18:19,173,window367
0:18:20,172,window367
0:18:21,172,window368
0:18:22,171,window368
0:18:23,171,window368
0:18:24,170,window369
0:18:25,169,window369
0:18:26,169,window369
0:18:27,168,window370
0:18:28,167,window370
0:18:29,167,window370
0:18:30,166,window371
0:18:31,165,window371
0:18:32,165,window371
0:18:33,164,window372
0:18:34,163,window372
0:18:35,163,window372
0:18:36,163,window373
0:18:37,162,window373
0:18:38,161,window373
0:18:39,161,window374
0:18:40,160,window374
0:18:41,159,window374
0:18:42,158,window375
0:18:43,158,window375
0:18:44,158,window375
0:18:45,158,window376
0:18:46,158,window376
0:18:47,158,window376
0:18:48,157,window377
0:18:49,156,window377
0:18:50,155,window377
0:18:51,154,window378
0:18:52,152,window378
0:18:53,151,window378
0:18:54,151,window379
0:18:55,151,window379
0:18:56,150,window379
0:18:57,150,window380
0:18:58,149,window380
0:18:59,149,window380
0:19:00,148,window381
0:19:01,148,window381
0:19:02,149,window381
0:19:03,149,window382
0:19:04,149,window382
0:19:05,148,window382
0:19:06,147,window383
0:19:07,146,window383
0:19:08,145,window383
0:19:09,144,window384
0:19:10,145,window384
0:19:11,144,window384
0:19:12,144,window385
0:19:13,144,window385
0:19:14,144,window385
0:19:15,144,window386
0:19:16,143,window386
0:19:17,143,window386
0:19:18,142,window387
0:19:19,141,window387
0:19:20,141,window387
0:19:21,140,window388
0:19:22,140,window388
0:19:23,140,window388
0:19:24,140,window389
0:19:25,140,window389
0:19:26,139,window389
0:19:27,137,window390
0:19:28,137,window390
0:19:29,137,window390
0:19:30,136,window391
0:19:31,137,window391
0:19:32,137,window391
0:19:33,138,window392
0:19:34,139,window392
0:19:35,140,window392
0:19:36,141,window393
0:19:37,142,window393
0:19:38,143,window393
0:19:39,143,window394
0:19:40,144,window394
0:19:41,144,window394
0:19:42,144,window395
0:19:43,145,window395
0:19:44,145,window395
0:19:45,146,window396
0:19:46,147,window396
0:19:47,148,window396
0:19:48,148,window397
0:19:49,149,window397
0:19:50,149,window397
0:19:51,149,window398
0:19:52,150,window398
0:19:53,150,window398
0:19:54,152,window399
0:19:55,153,window399
0:19:56,154,window399
0:19:57,156,window400
0:19:58,158,window400
0:19:59,158,window400
0:20:00,158,window401
0:20:01,158,window401
0:20:02,163,window401
0:20:03,163,window402
0:20:04,163,window402
0:20:05,167,window402
0:20:06,168,window403
0:20:07,169,window403
0:20:08,170,window403
0:20:09,171,window404
0:20:10,172,window404
0:20:11,173,window404
0:20:12,173,window405
0:20:13,174,window405
0:20:14,175,window405
0:20:15,175,window406
0:20:16,175,window406
0:20:17,175,window406
0:20:18,176,window407
0:20:19,176,window407
0:20:20,176,window407
0:20:21,176,window408
0:20:22,176,window408
0:20:23,176,window408
0:20:24,176,window409
0:20:25,176,window409
0:20:26,176,window409
0:20:27,176,window410
0:20:28,176,window410
0:20:29,176,window410
0:20:30,176,window411
0:20:31,176,window411
0:20:32,175,window411
0:20:33,175,window412
0:20:34,175,window412
0:20:35,175,window412
0:20:36,175,window413
0:20:37,175,window413
0:20:38,175,window413
0:20:39,174,window414
0:20:40,174,window414
0:20:41,175,window414
0:20:42,175,window415
0:20:43,174,window415
0:20:44,174,window415
0:20:45,174,window416
0:20:46,173,window416
0:20:47,173,window416
0:20:48,172,window417
0:20:49,172,window417
0:20:50,172,window417
0:20:51,171,window418
0:20:52,171,window418
0:20:53,170,window418
0:20:54,170,window419
0:20:55,170,window419
0:20:56,169,window419
0:20:57,169,window420
0:20:58,168,window420
0:20:59,167,window420
0:21:00,166,window421
0:21:01,166,window421
0:21:02,165,window421
0:21:03,164,window422
0:21:04,164,window422
0:21:05,163,window422
0:21:06,161,window423
0:21:07,160,window423
0:21:08,159,window423
0:21:09,159,window424
0:21:10,156,window424
0:21:11,156,window424
0:21:12,155,window425
0:21:13,154,window425
0:21:14,154,window425
0:21:15,153,window426
0:21:16,152,window426
0:21:17,151,window426
0:21:18,150,window427
0:21:19,149,window427
0:21:20,148,window427
0:21:21,148,window428
0:21:22,147,window428
0:21:23,147,window428
0:21:24,146,window429
0:21:25,146,window429
0:21:26,146,window429
0:21:27,145,window430
0:21:28,145,window430
0:21:29,145,window430
0:21:30,144,window431
0:21:31,143,window431
0:21:32,143,window431
0:21:33,142,window432
0:21:34,142,window432
0:21:35,141,window432
0:21:36,141,window433
0:21:37,140,window433
0:21:38,140,window433
0:21:39,140,window434
0:21:40,140,window434
0:21:41,139,window434
0:21:42,139,window435
0:21:43,138,window435
0:21:44,139,window435
0:21:45,139,window436
0:21:46,139,window436
0:21:47,140,window436
0:21:48,140,window437
0:21:49,140,window437
0:21:50,139,window437
0:21:51,138,window438
0:21:52,138,window438
0:21:53,137,window438
0:21:54,137,window439
0:21:55,137,window439
0:21:56,137,window439
0:21:57,137,window440
0:21:58,137,window440
0:21:59,136,window440
0:22:00,136,window441
0:22:01,136,window441
0:22:02,136,window441
0:22:03,136,window442
0:22:04,136,window442
0:22:05,136,window442
0:22:06,136,window443
0:22:07,135,window443
0:22:08,135,window443
0:22:09,134,window444
0:22:10,134,window444
0:22:11,134,window444
0:22:12,134,window445
0:22:13,134,window445
0:22:14,135,window445
0:22:15,135,window446
0:22:16,135,window446
0:22:17,136,window446
0:22:18,135,window447
0:22:19,134,window447
0:22:20,135,window447
0:22:21,135,window448
0:22:22,133,window448
0:22:23,133,window448
0:22:24,132,window449
0:22:25,132,window449
0:22:26,131,window449
0:22:27,130,window450
0:22:28,130,window450
0:22:29,130,window450
0:22:30,130,window451
0:22:31,130,window451
0:22:32,131,window451
0:22:33,131,window452
0:22:34,131,window452
0:22:35,131,window452
0:22:36,130,window453
0:22:37,130,window453
0:22:38,129,window453
0:22:39,129,window454
0:22:40,129,window454
0:22:41,129,window454
0:22:42,129,window455
0:22:43,129,window455
0:22:44,129,window455
0:22:45,129,window456
0:22:46,128,window456
0:22:47,128,window456
0:22:48,128,window457
0:22:49,128,window457
0:22:50,128,window457
0:22:51,129,window458
0:22:52,129,window458
0:22:53,129,window458
0:22:54,130,window459
0:22:55,128,window459
0:22:56,127,window459
0:22:57,128,window460
0:22:58,128,window460
0:22:59,127,window460
0:23:00,127,window461
0:23:01,127,window461
0:23:02,127,window461
0:23:03,127,window462
0:23:04,128,window462
0:23:05,128,window462
0:23:06,129,window463
0:23:07,130,window463
0:23:08,130,window463
0:23:09,131,window464
0:23:10,131,window464
0:23:11,131,window464
0:23:12,131,window465
0:23:13,130,window465
0:23:14,131,window465
0:23:15,129,window466
0:23:16,128,window466
0:23:17,127,window466
0:23:18,126,window467
0:23:19,125,window467
0:23:20,125,window467
0:23:21,125,window468
0:23:22,125,window468
0:23:23,125,window468
0:23:24,124,window469
0:23:25,124,window469
0:23:26,123,window469
0:23:27,123,window470
0:23:28,123,window470
0:23:29,123,window470
0:23:30,123,window471
0:23:31,124,window471
0:23:32,124,window471
0:23:33,124,window472
0:23:34,125,window472
0:23:35,126,window472
0:23:36,127,window473
0:23:37,128,window473
0:23:38,128,window473
0:23:39,128,window474
0:23:40,128,window474
0:23:41,128,window474
0:23:42,128,window475
0:23:43,128,window475
0:23:44,126,window475
0:23:45,126,window476
0:23:46,127,window476
0:23:47,126,window476
0:23:48,126,window477
0:23:49,126,window477
0:23:50,127,window477
0:23:51,126,window478
0:23:52,126,window478
0:23:53,125,window478
0:23:54,123,window479
0:23:55,123,window479
0:23:56,123,window479
0:23:57,122,window480
0:23:58,122,window480
0:23:59,122,window480
0:24:00,122,window481
0:24:01,121,window481
0:24:02,121,window481
0:24:03,120,window482
0:24:04,120,window482
0:24:05,119,window482
0:24:06,119,window483
0:24:07,119,window483
0:24:08,119,window483
0:24:09,119,window484
0:24:10,119,window484
0:24:11,120,window484
0:24:12,119,window485
0:24:13,119,window485
0:24:14,119,window485
0:24:15,119,window486
0:24:16,119,window486
0:24:17,119,window486
0:24:18,119,window487
0:24:19,119,window487
0:24:20,119,window487
0:24:21,119,window488
0:24:22,120,window488
0:24:23,120,window488
0:24:24,120,window489
0:24:25,120,window489
0:24:26,120,window489
0:24:27,120,window490
0:24:28,120,window490
0:24:29,120,window490
0:24:30,120,window491
0:24:31,121,window491
0:24:32,121,window491
0:24:33,122,window492
0:24:34,122,window492
0:24:35,121,window492
0:24:36,122,window493
0:24:37,121,window493
0:24:38,121,window493
0:24:39,121,window494
0:24:40,121,window494
0:24:41,121,window494
0:24:42,120,window495
0:24:43,121,window495
0:24:44,121,window495
0:24:45,121,window496
0:24:46,120,window496
0:24:47,119,window496
0:24:48,119,window497
0:24:49,119,window497
0:24:50,119,window497
0:24:51,119,window498
0:24:52,119,window498
0:24:53,119,window498
0:24:54,118,window499
0:24:55,119,window499
0:24:56,119,window499
0:24:57,120,window500
0:24:58,121,window500
0:24:59,121,window500
