Window_ID,Global_SampEn,Global_RMS,Mag_Var
1,-1.5928778839656306,-1.3004945864674,-2.1813806881580384
2,-0.2619685739716691,-0.9024261671039129,-0.9792862805507144
3,-1.7915841492472186,-0.5995032882475825,-0.970711070126847
4,-1.127132099843758,-0.39480051377494335,0.43123982871076383
5,-2.1102874760372705,-0.48011725986097203,-0.73244953763785
6,-1.6221736661922574,-0.40234850723172483,-1.4064917038078126
7,-2.2299666395780706,-0.3315934256303882,-0.9404219740787296
8,-2.5653232842139575,-0.4165192835087506,-1.289896884509768
9,-1.0080920546950878,-0.33826278805041793,-0.7600514459795277
10,0.26147992104306955,-0.3540527463263371,-1.1935819846443032
11,-1.2370757597846989,-0.2564006854860344,-0.761100968544298
12,-1.962059768358425,-0.27204412911767983,-1.049904681776501
13,-1.1995217059345051,-0.290514301132217,-0.8047418008146567
14,-2.122237039202763,0.2158730581131743,-0.7183664994487754
15,-0.463837057254567,0.29028599771062924,1.0508629581365427
16,-2.1700999126182237,-0.2173614907885611,-0.6028134788602149
17,-1.206115984175635,-0.18718836235095984,-1.0948142868285435
18,-1.9897554225417768,-0.2760338777987193,-1.3221509430009162
19,-3.2586685437111904,0.3541467250544046,-0.6510443317003813
20,-0.5867906602350761,-0.023774542619836695,-0.6490964511947798
21,-2.045221799517694,-0.2727501353596969,-0.9015016751830216
22,-1.2016848385922667,-0.3157046083271725,-0.9404873113811579
23,-1.6632481644744486,-0.22129973021337976,-0.6873853315822384
24,-1.6054304478345636,-0.13962782853351244,-0.6899959292163107
25,-1.3593225087948237,-0.14738725972016056,-0.7369891515047898
26,-2.501494100585185,-0.18989393271823662,-0.7725547955310632
27,-1.5278052504281692,-0.34199202756107816,-0.3934081675201503
28,-1.839847283077496,-0.27593512457048586,-0.3002500508675346
29,-2.4762992445098986,-0.1962665025241364,-0.23597098474325276
30,-2.924282976346067,-0.27663675672433474,-0.5721275799757676
31,-2.4238528112273974,-0.3677289177546754,-0.404492298466388
32,-2.0302347136595658,-0.22841905887725636,-0.32328914988688895
33,-1.8706187159304468,-0.23612500667742126,-0.4889784141826228
34,-1.6529506994602454,-0.21881458593569056,-0.4092324666699973
35,-2.038094698641648,-0.17530872164710162,-0.43653301555716895
36,-2.160163260620244,-0.2373388294658571,-0.13233875652125937
37,-1.2926293273608727,-0.19991568698523038,-0.04187364869645478
38,-1.924718359731867,-0.24537683418320969,-0.024039909991690665
39,-1.8684059764707344,-0.28554297289541963,-0.20370494038682777
40,-1.2779598745682768,-0.2930986025067496,0.0773399829089332
41,-1.3936548471599,-0.13760869091152558,-0.016372894417304686
42,-1.2623420182082488,0.651383833366664,0.04417669312607988
43,-0.17488846016777287,1.473805519265691,0.346626946849026
44,-0.5083161105828486,1.9130266686118256,0.6122257873965701
45,0.17734524203019655,2.4247726833625975,0.7041509648563647
46,0.5052534950842362,2.8600823008904,1.0175695859657603
47,1.0171024106111186,2.4790591361930012,1.2328753223207907
48,1.05981939713072,2.8799230527788042,1.2471580898126118
49,1.9903207143530595,3.2989709363586486,1.4097137377279632
50,1.2741211031966686,3.099363956534614,1.3762087025837684
51,1.7232598745264163,2.6262659148715297,1.230581811291867
52,2.404562192103584,2.9034818406629084,1.6196789500850566
53,1.3534328279699976,2.395200899029418,1.1099158953751114
54,1.2316943449658233,2.277597982824566,0.8161597002372641
55,1.4308907431059332,2.2332311739057618,0.8862097457855485
56,1.3678366200724723,2.1525141266406616,0.6938253944828308
57,0.8896689045701036,1.8691192055831836,0.6126835358856169
58,0.8704797780666835,1.8209493116267426,1.0015975706815394
59,0.67567431448889,1.4508706380381222,0.33819924660526834
60,-0.14758146209541648,1.1024668597382654,0.022811993110981633
61,-1.2999283825486345,0.6293905010404544,-0.1929105838048421
62,-0.778006502876162,0.1280972232003983,-0.2440147711337514
63,-1.9755060355566645,0.10851522983320161,-0.34672951615510095
64,-0.5325634471529977,-0.2928355560733771,-0.5585693738871852
65,-0.5183155265171612,-0.284789414432842,0.04098418613886835
66,0.34552466953358774,0.2552480493361777,0.9889914028800015
67,-1.154439509836298,0.14259436312807006,0.5884624926115367
68,0.16953311353611392,-0.1319660950764707,-0.6477669967507098
69,-0.8310307595259677,-0.3353138822032528,-0.2958903191545862
70,-1.2191261408628469,-0.21363427147491104,-0.6670509584547296
71,-1.7983773429551984,-0.37041172018659513,-0.9398584753483926
72,-1.6583193926596098,-0.34889249745448525,-0.7470254141166025
73,-0.8297427215621871,-0.5012494419830211,-0.8045812115755484
74,-1.457189375533806,-0.3287439149220987,-0.5715048525654387
75,-0.6810673540669965,-0.09754958419591614,0.6673720765231206
76,-0.6080812401201336,-0.3526121565305141,1.4386681655599718
77,-0.9224978571077824,-0.5971041626834334,1.1913430201868913
78,-1.0527537756479604,-0.49562701644035534,1.4163333679726338
79,-0.6513002976725842,-0.5963024033417658,1.4754158932884431
80,-0.8961747697341986,-0.6146060302622893,1.1837244803182276
81,-1.4058482514706307,-0.5356197031091169,0.9628887578065312
82,-0.6160609260174025,-0.6123533831160871,1.0856031488423554
83,-1.6327108759491935,-0.5350364128823165,1.2076672275955456
84,-0.7905545038564255,-0.46268275534540143,1.3022285359232493
85,-0.938302369046416,-0.6476121056505828,1.331927324053301
86,-1.34516935544447,-0.7243357959998197,1.4376625247773964
87,-1.1214729393230252,-0.8574741899713493,1.4642686423570848
88,-0.28895494945199124,-0.6911864331918606,1.7882322531609869
89,-1.0835095661704535,-0.3795725939607088,1.0403458785396595
90,0.16792139886235372,-0.3998324377448743,-1.6018327812766586
91,-1.806029004699814,0.5202548403635548,-0.834017582198568
92,0.6133294332503466,1.9455799365063682,-0.31999223082687805
93,0.3801588081453865,3.2984251063258543,0.12435204206974348
94,1.29528627061815,3.3017939017028386,-0.19991692640847517
95,0.7005707814231532,3.0006786277030075,-0.22999104403065848
96,0.9864966574133405,2.088541927981189,-0.46499042015732084
97,0.7683896210552679,2.087855882673799,-0.14312937092426214
98,1.2678828582888912,2.094254448037072,-0.24993951765070094
99,0.6047251253503887,1.9801754525124922,-0.39979690322324357
100,1.1948507474011536,1.9242902931625547,-0.47343233201714097
101,0.7474086090140483,1.7489839361766524,-0.766487238787903
102,0.008541410979327719,1.3623090634477113,-0.9299250128593641
103,-0.1848194954470492,1.2350251060907258,-1.1696223533601628
104,0.19725289548008484,1.0207263173392889,-1.6241764364958977
105,0.5647257679009176,0.975810566712382,-1.1014274465253961
106,0.4958428473151255,0.728502588002431,-1.4524142773812356
107,0.4516998243691427,0.9441008680454785,-1.3350352598908874
108,0.15629509546326242,0.495429729257377,-1.3789252825626857
109,1.1265959107203143,0.45770375128250224,-1.5427502500115151
110,-0.16800138153533292,0.3238576868449075,-2.0662773028471397
111,-0.7313007656614705,0.3575937551464602,2.4901151197088156
112,-0.30106268938455877,-0.43200842823609165,1.858268555218995
113,0.08343926821809584,-0.3979363413164796,1.6390794118821663
114,-0.6369301754001478,-0.38374375284914414,1.4236781676889612
115,-0.24053189797605862,-0.4158862453222673,1.6261163909850844
116,-0.6652893244269864,-0.43294694759402075,1.3915336719593188
117,-1.2580810238147278,-0.5334995870824226,1.489923955147728
118,-0.16219767873454455,-0.37753677762112126,1.5579232513279944
119,0.21411422647480513,-0.48154570657901613,1.71659159655428
120,-0.25484835286237245,-0.5143322356574974,1.779785871048419
121,-1.0588790280344538,-0.6498311080071959,1.9210724129285957
122,-0.8277403215293386,-0.6648143358827145,1.744749464795903
123,-0.22620073450069905,-0.5156224710619131,1.2612727990539987
124,-0.2293285124376662,-0.5487771573254823,1.1240484059829299
125,-0.5817153276654213,-0.6409010662111067,1.4715262061352308
126,-0.760495262045921,-0.3920527929704424,1.4637671325490216
127,-0.33450946121777103,-0.46086811187974563,1.7923320296826348
128,-1.609985030795414,-0.5113390338230988,1.2188574731864628
129,-1.3348558227247391,-0.5955556406481334,1.6789233739335276
130,-0.44547376476161776,-0.7335997086132393,1.9896792258601734
131,-0.5612390269092494,-0.6316049019197029,2.1761100966219926
132,-1.6015992142119944,-0.6567578161863955,1.7241695228293303
133,-0.7180731923473791,-0.6215408297116624,1.8144694860098554
134,-0.3306487205959568,-0.5150027018268193,1.7518339868581354
135,-0.016407398131249338,-0.4574963821675644,1.6546082334533456
136,-0.7607732818788292,-0.5349615601191164,1.7182294730986356
137,-0.9686699473214497,-0.45130825850972844,1.8881082408547238
138,-1.3696802651149138,-0.7459502133012061,2.4100717861998096
139,-1.1004875703606996,-0.2746510696205911,0.8672229051523915
140,0.4788574323521829,-0.395563226460711,-1.6336277452734522
141,-0.9620431218828349,0.12356810947703471,-1.1538989839064735
142,1.13985760027853,1.4014156677315823,-0.5256860754778935
143,0.15108096755187506,1.191988200386146,-0.9711168998963957
144,-0.21005668637831065,1.0680668033871046,-0.9516632285963361
145,-0.5987245635934659,1.0057917201574027,-0.8762552888468267
146,-0.4725240558213016,1.1385629991649422,-0.6814879824027076
147,-0.2949842767859322,1.087658514808187,-0.6363623831666178
148,0.33576592900857777,1.4124440829985385,-0.508796602106273
149,0.3981013778719663,1.6245099429447656,-0.45172518569145054
150,0.6338473794096944,1.5158213424282279,-0.2297963307798568
151,0.9848017906439548,1.4023631640026302,-0.2823828974099663
152,0.38741588282501477,1.4087877341053263,-0.1895025441317578
153,0.9630049958952535,1.3729382218384785,-0.1716882427984156
154,-0.3459774289672283,1.023591701754467,-0.6768261739068333
155,-0.1589614068425625,0.7444808323828878,-0.7735824375922352
156,0.9628618387361084,0.9430977959769558,-0.9343159801350588
157,1.0198858135005235,0.8811437252970127,-0.4246731874920667
158,0.6053975951640402,0.8419218474997797,-0.5333270743598061
159,0.4284631452137894,0.8248126357344147,-0.789288044981946
160,0.6087927511884446,0.5984805318322077,-0.8000073211194693
161,1.020231562967,0.2284825527973607,-1.0184801360731162
162,-0.6986086302898853,-0.289042880663249,-1.2903748834935522
163,0.5013675421828853,0.08904703716012176,0.1695365712047393
164,-0.46123457258671285,-0.3868898166929899,0.3147934343102712
165,-0.6341603004449368,-0.40339166797855414,0.08364433272397379
166,-0.34803038993766133,-0.3018582062960412,0.46957564352736636
167,-0.14134591066445376,-0.5430125115970987,0.25773273605705355
168,0.04042035633094874,-0.41911231823081624,-0.01968797464967791
169,-0.2730255293073882,-0.3973003657382378,0.1504297042599895
170,0.3822309884841021,-0.4690576807207261,0.38135717000201197
171,0.6901070583839489,-0.6089307613878427,0.5260349058243159
172,0.8883581482919534,-0.8057121344548281,0.1603282536095681
173,0.6476707956762464,-0.597657831736531,0.38825394883846515
174,0.8261533826189892,-0.6407510252707421,0.2946484252315899
175,0.16180109068253545,-0.5185299265724876,0.2946518062649177
176,-0.6453109414809302,-0.43576218295298286,0.24820894505706645
177,-1.2669318622818342,-0.6163217555582854,0.2824859181969062
178,0.04436502137441316,-0.5339346840137968,0.4056825677855017
179,-0.6287220994453252,-0.5763385397956402,0.4538874439705843
180,0.012086909324436984,-0.7275483502050965,0.6254791849558632
181,-1.1124428638165396,-0.5237825557121104,0.7989895979838779
182,0.6244487223860173,-0.6256584114560197,0.5883478888605045
183,-0.5153736356616943,-0.6898591820577468,1.0409626294822774
184,-0.48607845725769294,-0.9061755208633183,0.6867719327448548
185,-0.4029854825942965,-0.794523722638064,1.000126931295123
186,-0.9547022034072951,-0.7222471000448459,0.9423858134781335
187,-0.20846820801408122,-0.7180818466881486,0.8079075137742989
188,0.09824505041689365,-0.7957286375104404,1.033379714986929
189,-1.768718985599355,0.09926567405068956,-0.008552050375612642
190,-0.09113592938591872,-0.4504416349235858,-1.3128016902120163
191,-0.6365733904805705,0.5933212606694835,-0.25426395518704625
192,-0.036072413367321705,1.5379475194124785,-0.4737222658795391
193,0.9672290878969383,1.5664347514464971,-0.43101366432968014
194,-0.2972452906827391,1.45874399774894,-0.5108821416894257
195,-0.2534702230126032,1.6598858840797386,-0.5671908435763251
196,-0.4297076848494623,1.5602917273494046,-0.3014031920740172
197,-0.5038987511053737,1.3910876980619047,-0.34335660766322046
198,-0.1697936359986839,1.3979800752992064,-0.5043035305360816
199,-0.3285133831465652,1.449412324911477,-0.5247966810830655
200,0.3361863683257837,1.316392107559379,-0.20092840587075367
201,0.17667095235601735,1.0649114943307383,-0.66575618802873
202,-0.6512946187449781,0.852731107348051,-0.8340645089881134
203,-0.23165665400503682,1.0403947867224486,-0.7988973229146649
204,-3.741242496844212,1.4277425383089606,-0.8260864961834831
205,0.3112031753097698,0.7035638844980565,-0.7555366349038148
206,0.18478545200073976,0.5620501608230928,-0.9015433482062206
207,0.9768886387526485,0.509618254382283,-0.6329389256926576
208,0.5672307586598876,0.6307236323467691,-1.1944861297906813
209,0.49077932385788936,0.37164168257231306,-0.9846325515723183
210,0.6297683745946414,0.271134398433582,-1.0746263713551245
211,-0.8615295287142385,0.2968678231514643,0.24574828500245915
212,-0.37932204690346844,-0.06065648663120795,2.4268800012146228
213,-0.23544481242340545,-0.7878653362454284,1.5162994382671948
214,-0.37929884638084566,-0.5261782692667218,1.1712353481069362
215,1.0597645425057156,-0.39503215380933615,-1.2008891050868435
216,0.9331803224799593,-0.8817245009601918,-1.5716911689449526
217,1.5315315130785383,-0.9737807944963185,-1.6747377817926399
218,1.5671965105464645,-0.8819910747122648,-1.6004129139475007
219,-0.3038900530863669,-0.2720640337507192,-1.321979384517537
220,-0.3982386291613769,-0.3729451139544409,0.8409293156177502
221,0.7852898696358306,-0.8246857456918586,0.9224142707773778
222,1.2374265469373644,-0.9603027408552054,0.9091381036718448
223,0.9128257968633557,-0.7784821573508509,1.0365779059217222
224,1.2458857832619923,-0.9057646089969835,1.1170821472536185
225,0.10113190486869403,-0.7481641429505753,1.1853681944564685
226,1.155907315533293,-0.9112263446428072,1.4423087005858897
227,1.5901007772031446,-1.0384915896213918,1.936219033086053
228,1.0635642447717577,-0.9619954458401972,1.2208230981949528
229,-0.8984651559790731,-0.814439030267194,1.2042707978398577
230,0.7847458980845063,-0.9625403458310855,1.3504346205015183
231,0.799809560271996,-1.0001686156365794,1.285727066182262
232,0.21798402713736195,-1.0272324212048156,1.1109630032302826
233,0.049154179313832355,-0.9551349141553828,0.9443036858859749
234,0.819182973755006,-1.049477092500037,1.6970123158675403
235,1.0738404766473653,-0.8800668078428656,1.5257811092029168
236,0.5228503673974921,-1.032710701123541,1.1532479308869807
237,0.18580352652484416,-1.004898809498034,1.3877618151935616
238,0.7230537770164436,-0.9419395706025343,0.9131277012824623
239,-0.4685112321960718,-0.709913020269709,0.7763724296475565
240,0.2437777775340786,-0.5470520791181009,-1.1869478059905647
241,-1.7116599879949579,-0.3072728412199378,-0.9624680488694426
242,0.2719881789140932,1.325424499866646,0.025900452259455288
243,-0.1580022646203095,1.6664758074282184,-0.5327821359817594
244,-0.8622366927065684,1.3475099159893722,-0.5081335395723164
245,-1.0868823412612374,1.297874835105849,-0.783708425840182
246,-0.6239314006766704,1.2137919414367413,-0.534874214751553
247,-0.6560040687374462,1.2232830947057474,-0.2512736396787935
248,-0.8781597821784458,1.2187764472927054,-0.10848675994423557
249,-0.3227647439197365,1.0283841886795257,-0.3265742983438127
250,-0.35740728872326794,1.1793700753577507,-0.0827297254970341
251,0.13622977440385725,0.9438335122416298,-0.18985357468671213
252,0.21853561240307806,1.0395714375110763,-0.18336636973474635
253,-0.4646050865156696,0.6066767084994953,-0.09931746180654362
254,1.1743534572588437,0.6992213694186314,-0.3147345504162417
255,0.5183591078120161,0.6091954721711352,-0.17315799190142167
256,0.3949242795202018,0.6313510886237557,-0.020317033667666972
257,-0.3074335323932876,0.6379797388170655,0.09736572334264804
258,0.689085689333929,0.5588045098983153,0.17612518152673137
259,0.6983701303949499,0.6039805612872791,-0.2722168217947461
260,0.7023740956188513,0.36280705602394997,-0.24633703622852135
261,-0.059726369670558235,0.4271458844777124,-0.24839431856423777
262,-0.47246862954627095,0.4542691330688291,1.3312967420102022
263,-0.969125964503159,-0.42454281070047784,0.9192308167240844
264,-1.4845627243759922,-0.1664108961210464,0.3718807579626191
265,-0.715824378524157,0.046664023382765006,0.5415169423690324
266,0.5349690017635246,-0.730059545566818,0.37177261098230885
267,0.594739055246339,-0.8545579923718738,0.4875618326682363
268,1.4517411909043865,-0.818489395024826,1.1092361835129947
269,0.9577728807665965,-0.8798463712305652,0.8419035704230975
270,0.562719467793635,-1.020618473007069,0.7032324663532694
271,1.4737227965113637,-1.0342642582274808,0.8672168086593901
272,1.3647503096167666,-1.049193559617371,0.8101615253302069
273,0.14823110801248376,-0.7599283802679397,0.7145843431614655
274,0.6180746428272692,-1.0111012966898876,0.7611574791415728
275,0.9339803878473681,-0.9475604744874035,0.8891465504992908
276,0.2886725859544911,-0.9217352066797653,0.9930217860335318
277,1.4051425886116335,-0.9286046446687287,0.8322366940857702
278,0.3703999374629559,-0.7711828344383349,0.6350146248076171
279,1.3339228118769062,-0.9362721407004864,0.38784014895846164
280,0.5245517416893173,-0.9352683290626788,0.2799465192692655
281,0.6405379320756597,-0.8011045725844079,0.0688901879763486
282,1.3291400142384955,-0.8986521782063381,0.7325343626811891
283,-1.8462238580355974,0.24618175810892542,0.2884172431532496
284,0.6821277037238486,-0.8872802849197062,0.27442228325701357
285,0.028241822339184746,-0.8887434235376178,-0.23565403208225072
286,-0.18011511483153364,-0.8617349568694519,0.49947880877665446
287,0.5751163773694088,-0.7953844978235762,0.6061193006487875
288,0.27895798157711393,-0.7595027572891537,0.27366145549230697
289,0.4830411299052798,-0.7115182359936504,0.6387773601973994
290,-0.3707813241808653,-0.22018096225363099,-0.37320360089531207
291,-2.90197882497932,0.205277780210127,0.08262198732702954
292,1.3311316655875611,1.3213956591786349,-0.032061179275195646
293,-0.02296531452694933,1.4504232180099308,-0.48867594398760233
294,-0.6055768556352364,1.430140191129643,-0.6453968000892373
295,-0.8799107010410466,1.5927011233442512,-0.35600154481470087
296,0.20150728775738402,1.702976608783936,-0.44607467294826036
297,-0.7446044995954365,1.6289022591034013,-0.5205715576644131
298,-0.3223540574570269,1.8300401436889733,-0.5737143974129166
299,-0.839748543632796,1.6721909805513198,-0.27467264743687875
300,-0.12375282140444345,1.4223754202972776,-0.43670616256916606
301,-0.22267524017058687,1.410300737280902,-0.31061495591830574
302,0.13283897512520923,1.466600870460365,-0.32720327030953544
303,-0.25734654086894604,0.8906441439427993,-1.1843421337690616
304,0.13467750246148213,0.8459564613920707,-0.973037547272319
305,0.6577254185993073,0.6375285516341813,-1.0274028970732794
306,0.5748802039636881,0.5440182939033797,-0.13230082277150076
307,0.1993648387679171,0.46762037750488666,-0.6650852073820253
308,-0.2856298701144569,0.16839440230507777,-1.005996061813121
309,0.714574020754826,0.1288847925932939,-1.1805131978647236
310,-0.5061852919503761,0.1942012879888373,-1.1978328977974597
311,-0.5738875932134637,0.3718655419705811,1.0234043074431385
312,-1.3648713917251625,0.5020110295595196,0.8114950121009025
313,1.2541989501393838,-0.7183705816573365,1.5062292428628534
314,0.28962417205766605,-0.7607025002816497,1.3694071708078621
315,-0.5443062946982138,-0.213413315073609,0.1575313615171262
316,-1.61826421410198,0.2802360035927163,1.0886685476177203
317,-2.036376349630157,-0.6107099817164141,1.9593824965937026
318,1.0712321283152335,-1.0514662873056662,1.5877292614065661
319,0.9688688542526651,-1.05101559314489,1.628622539605946
320,1.5145755535002827,-1.095463234020126,1.306430048726694
321,0.7981953983995044,-1.0571030663449061,1.5892584363518099
322,0.021400482838135976,-1.0763355818116669,2.3070876699875904
323,0.7866649046784497,-1.0484111237299862,1.9912713354985851
324,-2.1873263346760674,-0.07609547544449416,-0.6543574725081773
325,0.6417266964750058,-0.9803115887645568,-0.9276809331544048
326,2.240384294085678,-1.0074993389413711,-1.6850856393083753
327,0.41380936523610357,-1.0077287906829369,-1.9389608416162702
328,1.5541089368569192,-0.943742958639719,-2.1658456216136943
329,1.8032045312428677,-0.950942955330766,-2.150158952153423
330,0.8381824108755955,-0.9675575519390642,-1.8037461937462576
331,0.7808289431732621,-1.0140628956386064,-1.4545032165268013
332,0.7902360176399568,-0.8405677776434114,-1.890424078449101
333,-0.3664591134837406,-0.18089523418133593,-0.5576201615289169
334,-2.5250908657802293,-0.39225018804949663,1.2512663864739555
335,0.9318895993978982,-1.0421591912140091,1.2200341175934974
336,0.9982883842075191,-1.0486132996400441,0.9436569125786197
337,-0.34862055206844694,-0.8575218150523047,0.8420965142695771
338,0.31359878490665893,-0.9403085244513841,1.1676734174338181
339,-1.5552827283414443,-0.38362217093650663,0.9160320672295891
340,-1.73517074814955,-0.2698530712034462,-0.9843770256761983
341,-1.0053558414873551,1.1392427498354325,0.5735897848716711
342,1.0757106498684428,1.7713227921994503,-0.6270806135393562
343,0.9059332412689611,1.82599484032902,-0.3481043472137085
344,0.9102430706354916,2.021021474720588,-0.49291340648182885
345,0.8553100899192,1.9597043107421426,-0.5030735187478426
346,0.1881626583111343,1.91775584401725,-0.546331717882429
347,0.47328838174360777,1.7947987926472395,-0.2835289282318574
348,0.814668635377765,1.7015759440123654,-0.3173865816797767
349,0.6272021101099554,1.7082289611967112,-0.17668917017866523
350,0.44064087630506343,1.6343769541450797,-0.3750347214748146
351,0.14574938008406987,1.1784663624159717,-0.5075667897264134
352,0.16609380075808358,0.8748380042049207,-0.386099870552411
353,0.8597849800472016,0.7459138060699015,-0.43979243044168626
354,1.2879380768534832,0.6943908122303685,-0.577920470081991
355,0.9783091911750486,0.33393577289963833,-0.6031825648949207
356,0.3731878380685258,0.44108606669007017,-0.3362302096876871
357,0.5907326406473302,0.1569070148716437,-0.2225403415262693
358,0.852988428913847,0.30566142743776303,-0.5007270166788986
359,0.5992117884671374,0.240825939120027,-0.47206967095260244
360,-0.3638905736653755,0.437528174543733,-0.3293388688001266
361,0.04417463186937008,0.050080555165516905,0.9772363630123849
362,0.6357161338293047,-0.47173383164866345,0.17828713146227348
363,0.34945864617603706,-0.5078738966123456,0.4683190182708836
364,0.5897694017074829,-0.11565221134394077,-0.3982477141449772
365,0.8192767816261997,-0.7136729820649772,-0.6245327022497437
366,1.4517827405495842,-0.681047216895583,-0.07403869814520667
367,0.7315779056079128,-0.6805521244058045,0.011693107362268544
368,0.7658752216120089,-0.5479806224177937,-0.513529573597143
369,-0.6773305807142492,0.12218718554075537,0.7952808870234072
370,1.249549621678668,-0.5900932522108385,-0.24655905269541206
371,1.6104403129720914,-0.816344031631969,0.7075173105833642
372,1.3704642230674708,-0.81814590039489,0.7176771609471502
373,-0.08407597790511492,-0.8963088693643577,0.2872165325151488
374,1.2124008233006869,-1.013384195119103,-0.06177184932792346
375,0.5867194796320069,-1.0082145272685488,0.3215700699802663
376,0.8777750108622246,-0.6827322778017744,-0.06875680815821629
377,0.863804936302383,-0.9334575249032075,0.3920253695730702
378,0.20243941940315094,-0.7255257425206708,0.4810718424997936
379,0.6715334037732922,-1.0166848464817455,-0.11076528909375892
380,2.070829834895799,-1.0206469779654508,0.12359380943769566
381,0.35887351418184943,-0.9623935506833653,0.8669591107220824
382,1.0929635691013226,-0.9843687540135194,0.7548661830814094
383,0.9973317867828968,-0.9921460549289483,0.7639693872246394
384,-0.40231563718575364,-0.7095664492838472,0.22660497833834228
385,1.2948762322955703,-0.9929719567591735,0.48782286431659266
386,1.3131842063061012,-1.0139176887874055,0.17692777141714336
387,-0.0019681052778928046,-0.7731066717275651,0.5222690022512986
388,1.087778168026929,-0.8618489049819704,0.5835146036674178
389,-1.6682239585820542,-0.09444008975796048,0.04332140989633163
390,0.8339707754766295,-0.7132812977233273,-1.1463786047530646
391,-2.3811093424422958,0.9991518096010256,-0.05051730791146278
392,0.9725947423450844,1.7347825839092916,-0.26841526827819345
393,-0.31453969980933066,1.5325400362811796,-0.48449930711224193
394,-0.38256089610042476,1.5785394099960683,-0.7485300065150717
395,-0.7565132866801019,1.5281595704310158,-0.4996281962013583
396,0.34789357434106855,1.7268392228229295,-0.6151196974635388
397,-0.11651705885860682,1.7741039611346445,-0.6413752221855822
398,-0.3897589035953345,2.0330125073891856,-0.6312754111704247
399,0.44375657429788135,1.7266580803441771,-0.7876078837237941
400,-0.23331871601695267,1.6292663375616834,-0.7909402103254202
401,-0.3156586578911378,1.3124150679203233,-0.5903707988423154
402,0.5870245412497125,1.0861332230468073,-0.8004470340947487
403,-0.036368071762754896,1.120621560782863,-0.535237706970413
404,0.6978061864608657,0.7820380817128574,-1.2731985738300289
405,0.02918531554728676,0.5426962310559941,-1.2796259315303575
406,0.8666571507295239,0.5544092156614208,-1.365779500467107
407,0.3296853715703132,0.26848485863872007,-0.7615981806269527
408,-0.08086725414413007,0.21515897172457424,-1.5505427687792062
409,0.7245221791708188,1.057439983389621,-0.594780793020598
410,-0.06669784363222835,0.5618863379497198,-1.6203028845497394
411,-0.04827288634623203,0.05629148276615893,2.7410796400157915
412,0.5510050279739728,-0.5665738923997351,2.171705235396683
413,1.0012003754624097,-0.5151644092063097,1.5833834410204677
414,0.18807414765156405,-0.49280298869407235,1.3248778899635114
415,0.23477919853291587,-0.597410852964239,1.594292180139783
416,1.0023901025558297,-0.5557649874601923,1.3544487424147806
417,1.4387759820595112,-0.9258156795834812,1.4582632509992428
418,0.7233627161480619,-0.9466843105696154,1.2082717022196339
419,0.5693758893661826,-0.2813607894402579,-1.0198296538323024
420,1.2970473819669712,-0.8424350104922737,-1.0375699157087284
421,1.285075038196185,-0.7876846487280434,-1.6595760126303738
422,0.3133081355229915,-0.6239077752817341,-1.8658372448916056
423,0.9973839280010041,-0.715970847990033,-1.2468679695443194
424,0.39967354670717903,-0.745053704343536,-1.1218327163953319
425,0.4607303259842387,-0.6216891558519189,-1.4600665134675417
426,-0.2852642262960001,-0.6019106586125025,-1.9117683546455198
427,0.49164997163356133,-0.5826629459637778,-1.3213201882194083
428,-0.9104527362962925,-0.691685057793041,-0.6839584239461785
429,-0.22493587443525825,-0.6005064773138883,-1.554518403809113
430,0.5565355538520927,-0.7122764277421113,-1.5410677239313977
431,0.11685548290925155,-0.5905509347033691,-1.5151702272230956
432,1.012385205864837,-0.4889512579225503,-0.9070211798661768
433,1.0777933793310865,-0.5817136967107274,-1.618298060566424
434,0.7984113878878509,-0.7717562750234203,-1.1404820658902686
435,0.044739176368807636,-0.6573836148128952,-1.3872537328527215
436,0.21693046185775366,-0.656947961740889,-1.0836722435364905
437,0.19840068641451752,-0.720388564630874,-1.3176430713738674
438,0.10083639091871464,-0.3849400845352742,-1.5649889723633164
439,-0.9590910885573444,-0.6250228450712854,-1.4117228977161411
440,2.03821506981185,-0.8770171143145826,-1.6191633078836316
441,1.430611430544282,-0.8547817807323425,-1.5954430246377092
442,1.5373836761723656,-1.044402350694538,-1.4758020627499837
443,0.7204945539910499,-0.9409086754027629,-1.172185691811098
444,1.6809257991578963,-0.7650675235068812,-1.0871382630500812
445,0.7939170593475608,-0.590896687081039,-0.8149680455438748
446,0.00015061309177289865,-0.7152577809199202,-1.0841108137767865
447,-0.005573255576726247,-0.6581492921004719,-1.0408524244581692
448,-0.020271538897935308,-0.7566768559126844,-1.2323279297230756
449,-0.4170416150538071,-0.6842117577858632,-1.0487439993021181
450,0.04264254908095017,-0.7731679906418293,-1.2085990729912788
451,1.1669571933521998,-0.8044476087812905,-0.9364396215186426
452,0.12225006923485394,-0.808870316529578,-0.9026137532450105
453,1.0534036177272788,-0.8810832955774078,-1.0322127041738514
454,0.7310618158432151,-0.8324497301103152,-0.9452752564739993
455,1.3061042943870205,-0.8942502874442515,-1.055041569615733
456,1.6129677383737573,-0.9647211847227456,-0.7352434860375601
457,0.6102089350888791,-0.7570587540234028,-1.0479317688951084
458,0.31375038945355016,-0.716710457010198,-0.8993211579727743
459,-0.16736583081515366,-0.7919960617547722,-0.8117848442598945
460,-0.3520431638480578,-0.7568795458004508,-1.1729436156588424
461,1.215370080114432,-0.8160736238857266,-0.7789251373509175
462,-0.4494648798603289,-0.5065478682374684,-0.7019517361887492
463,0.7147217060065074,-0.7934104603282909,0.9937934247255539
464,0.721645819512159,-0.8623554863203536,0.9544983720442656
465,0.3993268267413324,-0.7846323310890263,0.9783175166541997
466,0.12566072434190065,-0.8801991705003632,1.0159484133018468
467,0.04615052994417462,-0.92059081051184,0.9349826279645382
468,1.0563875883517264,-0.9868952061372239,0.6578772447716239
469,0.6013005450901955,-0.8976914279172192,0.5567136626815261
470,-1.5221058849331122,-0.4427225785855509,0.021250175935660833
471,0.8208384658325212,-0.6341948694611653,-0.5433853297249693
472,0.945957765983289,-0.6786477413340795,2.256086098248012
473,1.1355620149909473,-1.0212807106646833,2.226145462667311
474,0.45284911220457535,-0.5930361529030894,0.40069183159874494
475,0.09473547485339419,-1.0290540829344599,-0.3658018960808821
476,1.2058414524541519,-0.9872345580422067,0.06564437993604945
477,0.3726668843895482,-0.9508613294741344,0.6658286821143519
478,-0.23343839729320406,-0.8764352811546579,0.33841210195321225
479,-1.3067122492417125,0.1869759186591095,-0.04635285826142703
480,0.2774493180769949,-0.8014481163443993,-0.29186091103856143
481,0.04338139780162864,-0.9139111435445462,-0.10436849227545872
482,0.8251613564271559,-0.9046723611611005,-0.041637787895279874
483,-0.42895318173443675,-0.8729248362372162,-0.1602849438139505
484,0.7674664091554011,-0.8254966321931794,0.1951267897989045
485,-0.4064743129485513,-0.9028362267206422,0.019560744991134835
486,0.3492456385485171,-0.9387663880627466,0.28706994267280467
487,0.19765851992746997,-0.8472698006430159,-0.014717195529013476
488,0.14277240224931714,-0.8270746018397223,0.1927560814154091
489,0.22037402837458284,-0.7746087131787284,-0.15992214056656592
490,0.2889027616565648,-0.8000530982699867,0.07022310114856238
491,0.1515445893891463,-0.8386985909148442,-0.22751659310361155
492,0.6272738580806506,-0.7647914100187274,0.22326234741732962
493,-0.6190451168375214,-0.8133448359607243,-0.02729732474893706
494,-0.3311459799435389,-0.8889094085812669,-0.04431832105007913
495,0.7702717587772062,-0.9467704152841097,-0.12657783937918338
496,0.797745965983286,-1.0091291264064834,-0.003965548091585026
497,0.6175376264603942,-1.0131880060893335,-0.15025327492470936
498,0.43352449275001664,-0.903701931488379,-0.4012665791486573
499,0.6748848289549632,-0.8408866591590655,-0.8190229002940195
